"slug","ad","html_kb","html_<100kb","yasakli_etiket","uzak_kaynak","gorsel_sayisi","gorsel_max_kb","gorsel_max_genislik","gorsel_alt_w_h","birlestirme_etiketleri","unsubscribe","etiket_dengesi","yazi_tipi","min_font_px","kontrast_min","dugme_yukseklik","medya_sorgusu","zip_kb","zip_girdi","durum","hatalar"
"kiyi-teknoloji-guncellemesi","Kıyı Teknoloji Güncellemesi","8.8","EVET","yok","yok","1","40","1200","EVET","TAMAM","VAR","TAMAM","georgia|arial","14","8.08","48","VAR","43","3","GEÇTİ",""
"cinar-seyahat-kampanyasi","Çınar Seyahat Kampanyası","7.6","EVET","yok","yok","4","49","1200","EVET","TAMAM","VAR","TAMAM","verdana","14","7.04","48","VAR","82","6","GEÇTİ",""
"fener-teknoloji-guncellemesi","Fener Teknoloji Güncellemesi","8.6","EVET","yok","yok","4","26","516","EVET","TAMAM","VAR","TAMAM","arial","14","8.13","48","VAR","71","6","GEÇTİ",""
"ceviz-otomotiv-lansmani","Ceviz Otomotiv Lansmanı","8.3","EVET","yok","yok","4","30","1200","EVET","TAMAM","VAR","TAMAM","georgia|verdana","14","6.91","48","VAR","68","6","GEÇTİ",""
"mavi-otomotiv-lansmani","Mavi Otomotiv Lansmanı","7.6","EVET","yok","yok","4","24","1200","EVET","TAMAM","VAR","TAMAM","arial","14","7.19","48","VAR","50","6","GEÇTİ",""
"nar-guzellik-magaza-bulteni","Nar Güzellik Mağaza Bülteni","8.7","EVET","yok","yok","4","28","516","EVET","TAMAM","VAR","TAMAM","verdana","14","8.01","48","VAR","83","6","GEÇTİ",""
"cam-teknoloji-duyurusu","Çam Teknoloji Duyurusu","7.6","EVET","yok","yok","4","56","1200","EVET","TAMAM","VAR","TAMAM","arial|georgia","14","6.98","48","VAR","89","6","GEÇTİ",""
"kivilcim-insan-kaynaklari-kariyer-bulteni","Kıvılcım İnsan kaynakları Kariyer Bülteni","9.1","EVET","yok","yok","1","53","1200","EVET","TAMAM","VAR","TAMAM","tahoma","14","8.34","48","VAR","56","3","GEÇTİ",""
"inci-kurumsal-karsilamasi","İnci Kurumsal Karşılaması","7.5","EVET","yok","yok","4","21","1200","EVET","TAMAM","VAR","TAMAM","georgia","14","7.72","48","VAR","46","6","GEÇTİ",""
"selvi-aksesuar-duyurusu","Selvi Aksesuar Duyurusu","8.7","EVET","yok","yok","1","22","1200","EVET","TAMAM","VAR","TAMAM","georgia|tahoma","14","6.99","48","VAR","24","3","GEÇTİ",""
"cevher-insan-kaynaklari-kariyer-bulteni","Cevher İnsan kaynakları Kariyer Bülteni","9.0","EVET","yok","yok","1","38","1200","EVET","TAMAM","VAR","TAMAM","georgia","14","7.99","48","VAR","38","3","GEÇTİ",""
"kar-kurumsal-karsilamasi","Kar Kurumsal Karşılaması","7.6","EVET","yok","yok","4","40","1200","EVET","TAMAM","VAR","TAMAM","tahoma","14","5.21","48","VAR","74","6","GEÇTİ",""
"sahil-emlak-duyurusu","Sahil Emlak Duyurusu","8.9","EVET","yok","yok","1","43","1200","EVET","TAMAM","VAR","TAMAM","arial|trebuchet ms","14","7.76","48","VAR","45","3","GEÇTİ",""
"berrak-insan-kaynaklari-kariyer-bulteni","Berrak İnsan kaynakları Kariyer Bülteni","8.7","EVET","yok","yok","4","25","516","EVET","TAMAM","VAR","TAMAM","arial","14","8.06","48","VAR","62","6","GEÇTİ",""
"isik-kurumsal-karsilamasi","Işık Kurumsal Karşılaması","7.8","EVET","yok","yok","4","29","1200","EVET","TAMAM","VAR","TAMAM","trebuchet ms","14","6.25","48","VAR","53","6","GEÇTİ",""
"patika-dekorasyon-duyurusu","Patika Dekorasyon Duyurusu","7.6","EVET","yok","yok","4","60","1200","EVET","TAMAM","VAR","TAMAM","trebuchet ms|arial","14","8.22","48","VAR","89","6","GEÇTİ",""
"zeybek-insan-kaynaklari-kariyer-bulteni","Zeybek İnsan kaynakları Kariyer Bülteni","8.8","EVET","yok","yok","4","24","516","EVET","TAMAM","VAR","TAMAM","trebuchet ms","14","7.15","48","VAR","69","6","GEÇTİ",""
"gamze-kurumsal-karsilamasi","Gamze Kurumsal Karşılaması","5.9","EVET","yok","yok","1","54","1200","EVET","TAMAM","VAR","TAMAM","arial","14","6.29","48","VAR","53","3","GEÇTİ",""
"ozgun-dijital-guvenlik-duyurusu","Özgün Dijital güvenlik Duyurusu","8.8","EVET","yok","yok","1","51","1200","EVET","TAMAM","VAR","TAMAM","georgia|verdana","14","7.98","48","VAR","53","3","GEÇTİ",""
"lale-insan-kaynaklari-kariyer-bulteni","Lale İnsan kaynakları Kariyer Bülteni","9.0","EVET","yok","yok","1","22","1200","EVET","TAMAM","VAR","TAMAM","arial","14","6.59","48","VAR","21","3","GEÇTİ",""
"limon-kurumsal-karsilamasi","Limon Kurumsal Karşılaması","6.0","EVET","yok","yok","1","60","1200","EVET","TAMAM","VAR","TAMAM","verdana","14","8.15","48","VAR","60","3","GEÇTİ",""
"safak-yardim-dernegi-duyurusu","Şafak Yardım derneği Duyurusu","8.7","EVET","yok","yok","1","15","1200","EVET","TAMAM","VAR","TAMAM","georgia|arial","14","7.88","48","VAR","17","3","GEÇTİ",""
"sedir-yardim-dernegi-duyurusu","Sedir Yardım derneği Duyurusu","7.6","EVET","yok","yok","4","50","1200","EVET","TAMAM","VAR","TAMAM","verdana","14","7.02","48","VAR","69","6","GEÇTİ",""
"menekse-muzik-ve-sinema-magaza-bulteni","Menekşe Müzik ve sinema Mağaza Bülteni","8.6","EVET","yok","yok","4","29","516","EVET","TAMAM","VAR","TAMAM","arial","14","8.08","48","VAR","81","6","GEÇTİ",""
"zumrut-sigorta-raporu","Zümrüt Sigorta Raporu","8.2","EVET","yok","yok","4","30","1200","EVET","TAMAM","VAR","TAMAM","georgia|tahoma","14","6.68","48","VAR","72","6","GEÇTİ",""
"gokyuzu-muzik-ve-sinema-daveti","Gökyüzü Müzik ve sinema Daveti","7.5","EVET","yok","yok","4","50","1200","EVET","TAMAM","VAR","TAMAM","georgia","14","7.44","48","VAR","75","6","GEÇTİ",""
"hilal-konaklama-magaza-bulteni","Hilal Konaklama Mağaza Bülteni","8.6","EVET","yok","yok","4","28","516","EVET","TAMAM","VAR","TAMAM","tahoma","14","8.02","48","VAR","74","6","GEÇTİ",""
"palmiye-sigorta-raporu","Palmiye Sigorta Raporu","8.2","EVET","yok","yok","4","43","1200","EVET","TAMAM","VAR","TAMAM","arial|georgia","14","7.02","48","VAR","76","6","GEÇTİ",""
"bozkir-muzik-ve-sinema-daveti","Bozkır Müzik ve sinema Daveti","7.6","EVET","yok","yok","4","65","1200","EVET","TAMAM","VAR","TAMAM","tahoma","14","8.30","48","VAR","95","6","GEÇTİ",""
"irmak-outdoor-magaza-bulteni","Irmak Outdoor Mağaza Bülteni","8.3","EVET","yok","yok","4","25","1200","EVET","TAMAM","VAR","TAMAM","georgia","14","7.47","48","VAR","60","6","GEÇTİ",""
"rota-sigorta-raporu","Rota Sigorta Raporu","8.9","EVET","yok","yok","1","37","1200","EVET","TAMAM","VAR","TAMAM","trebuchet ms|arial","14","6.98","48","VAR","38","3","GEÇTİ",""
"aksam-muzik-ve-sinema-daveti","Akşam Müzik ve sinema Daveti","8.3","EVET","yok","yok","1","24","1200","EVET","TAMAM","VAR","TAMAM","trebuchet ms","14","7.95","48","VAR","23","3","GEÇTİ",""
"hazine-restoran-magaza-bulteni","Hazine Restoran Mağaza Bülteni","8.3","EVET","yok","yok","4","42","1200","EVET","TAMAM","VAR","TAMAM","arial","14","6.47","48","VAR","75","6","GEÇTİ",""
"orta-sigorta-raporu","Orta Sigorta Raporu","8.9","EVET","yok","yok","1","27","1200","EVET","TAMAM","VAR","TAMAM","arial|trebuchet ms","14","7.89","48","VAR","29","3","GEÇTİ",""
"yasemin-muzik-ve-sinema-daveti","Yasemin Müzik ve sinema Daveti","8.1","EVET","yok","yok","1","27","1200","EVET","TAMAM","VAR","TAMAM","arial","14","8.07","48","VAR","28","3","GEÇTİ",""
"fidan-insan-kaynaklari-kariyer-bulteni","Fidan İnsan kaynakları Kariyer Bülteni","8.8","EVET","yok","yok","4","25","516","EVET","TAMAM","VAR","TAMAM","trebuchet ms","14","5.86","48","VAR","81","6","GEÇTİ",""
"nazli-seyahat-kampanyasi","Nazlı Seyahat Kampanyası","8.3","EVET","yok","yok","4","38","1200","EVET","TAMAM","VAR","TAMAM","georgia|arial","14","8.14","48","VAR","80","6","GEÇTİ",""
"pusula-seyahat-kampanyasi","Pusula Seyahat Kampanyası","8.4","EVET","yok","yok","4","30","1200","EVET","TAMAM","VAR","TAMAM","verdana","14","6.99","48","VAR","62","6","GEÇTİ",""
"nehir-egitim-duyurusu","Nehir Eğitim Duyurusu","8.8","EVET","yok","yok","1","21","1200","EVET","TAMAM","VAR","TAMAM","arial","14","6.43","48","VAR","21","3","GEÇTİ",""
"vadi-muzik-ve-sinema-daveti","Vadi Müzik ve sinema Daveti","8.1","EVET","yok","yok","1","29","1200","EVET","TAMAM","VAR","TAMAM","georgia|verdana","14","7.99","48","VAR","28","3","GEÇTİ",""
"toprak-kurumsal-magaza-bulteni","Toprak Kurumsal Mağaza Bülteni","8.4","EVET","yok","yok","4","35","1200","EVET","TAMAM","VAR","TAMAM","arial","14","6.96","48","VAR","59","6","GEÇTİ",""
"liman-sigorta-raporu","Liman Sigorta Raporu","8.8","EVET","yok","yok","1","33","1200","EVET","TAMAM","VAR","TAMAM","verdana","14","8.28","48","VAR","34","3","GEÇTİ",""
"sumbul-muzik-ve-sinema-daveti","Sümbül Müzik ve sinema Daveti","8.0","EVET","yok","yok","1","31","1200","EVET","TAMAM","VAR","TAMAM","arial|georgia","14","7.76","48","VAR","32","3","GEÇTİ",""
"dag-kurumsal-magaza-bulteni","Dağ Kurumsal Mağaza Bülteni","8.4","EVET","yok","yok","4","60","1200","EVET","TAMAM","VAR","TAMAM","tahoma","14","6.77","48","VAR","105","6","GEÇTİ",""
"gul-sigorta-raporu","Gül Sigorta Raporu","8.2","EVET","yok","yok","4","23","1200","EVET","TAMAM","VAR","TAMAM","georgia","14","8.01","48","VAR","52","6","GEÇTİ",""
"okyanus-muzik-ve-sinema-daveti","Okyanus Müzik ve sinema Daveti","8.1","EVET","yok","yok","1","30","1200","EVET","TAMAM","VAR","TAMAM","georgia|tahoma","14","6.75","48","VAR","25","3","GEÇTİ",""
"alize-kurumsal-magaza-bulteni","Alize Kurumsal Mağaza Bülteni","8.3","EVET","yok","yok","4","63","1200","EVET","TAMAM","VAR","TAMAM","georgia","14","7.62","48","VAR","86","6","GEÇTİ",""
"hasat-sigorta-raporu","Hasat Sigorta Raporu","8.2","EVET","yok","yok","4","25","1200","EVET","TAMAM","VAR","TAMAM","tahoma","14","8.04","48","VAR","76","6","GEÇTİ",""
"pinar-muzik-ve-sinema-daveti","Pınar Müzik ve sinema Daveti","7.7","EVET","yok","yok","4","70","1200","EVET","TAMAM","VAR","TAMAM","arial|trebuchet ms","14","7.08","48","VAR","102","6","GEÇTİ",""
"zirve-kurumsal-magaza-bulteni","Zirve Kurumsal Mağaza Bülteni","8.4","EVET","yok","yok","4","42","1200","EVET","TAMAM","VAR","TAMAM","arial","14","8.25","48","VAR","82","6","GEÇTİ",""
"gece-sigorta-raporu","Gece Sigorta Raporu","8.4","EVET","yok","yok","4","21","1200","EVET","TAMAM","VAR","TAMAM","trebuchet ms","14","7.31","48","VAR","51","6","GEÇTİ",""
"nese-muzik-ve-sinema-daveti","Neşe Müzik ve sinema Daveti","8.1","EVET","yok","yok","1","48","1200","EVET","TAMAM","VAR","TAMAM","trebuchet ms|arial","14","6.95","48","VAR","49","3","GEÇTİ",""
"vaha-kurumsal-magaza-bulteni","Vaha Kurumsal Mağaza Bülteni","8.8","EVET","yok","yok","4","25","516","EVET","TAMAM","VAR","TAMAM","trebuchet ms","14","7.97","48","VAR","65","6","GEÇTİ",""
"engin-sigorta-raporu","Engin Sigorta Raporu","8.2","EVET","yok","yok","4","31","1200","EVET","TAMAM","VAR","TAMAM","arial","14","6.22","48","VAR","79","6","GEÇTİ",""
"mor-muzik-ve-sinema-daveti","Mor Müzik ve sinema Daveti","7.6","EVET","yok","yok","4","29","1200","EVET","TAMAM","VAR","TAMAM","georgia|verdana","14","8.02","48","VAR","65","6","GEÇTİ",""
"zeytin-kurumsal-magaza-bulteni","Zeytin Kurumsal Mağaza Bülteni","8.3","EVET","yok","yok","4","35","1200","EVET","TAMAM","VAR","TAMAM","arial","14","8.00","48","VAR","74","6","GEÇTİ",""
"kayin-sigorta-raporu","Kayın Sigorta Raporu","8.8","EVET","yok","yok","1","12","1200","EVET","TAMAM","VAR","TAMAM","verdana","14","6.94","48","VAR","12","3","GEÇTİ",""
"kumsal-muzik-ve-sinema-daveti","Kumsal Müzik ve sinema Daveti","7.6","EVET","yok","yok","4","20","1200","EVET","TAMAM","VAR","TAMAM","georgia|arial","14","8.10","48","VAR","46","6","GEÇTİ",""
"yildiz-kurumsal-magaza-bulteni","Yıldız Kurumsal Mağaza Bülteni","8.4","EVET","yok","yok","4","56","1200","EVET","TAMAM","VAR","TAMAM","verdana","14","6.67","48","VAR","93","6","GEÇTİ",""
"kopru-sigorta-raporu","Köprü Sigorta Raporu","8.2","EVET","yok","yok","4","72","1200","EVET","TAMAM","VAR","TAMAM","arial","14","6.99","48","VAR","111","6","GEÇTİ",""
"kiraz-muzik-ve-sinema-daveti","Kiraz Müzik ve sinema Daveti","7.6","EVET","yok","yok","4","24","1200","EVET","TAMAM","VAR","TAMAM","georgia|tahoma","14","8.02","48","VAR","59","6","GEÇTİ",""
"gun-batimi-kurumsal-magaza-bulteni","Gün Batımı Kurumsal Mağaza Bülteni","8.3","EVET","yok","yok","4","49","1200","EVET","TAMAM","VAR","TAMAM","georgia","14","7.00","48","VAR","87","6","GEÇTİ",""
"firtina-sigorta-raporu","Fırtına Sigorta Raporu","8.2","EVET","yok","yok","4","41","1200","EVET","TAMAM","VAR","TAMAM","tahoma","14","8.33","48","VAR","67","6","GEÇTİ",""
"nilufer-muzik-ve-sinema-daveti","Nilüfer Müzik ve sinema Daveti","8.0","EVET","yok","yok","1","53","1200","EVET","TAMAM","VAR","TAMAM","arial|georgia","14","7.64","48","VAR","48","3","GEÇTİ",""
"zambak-kurumsal-magaza-bulteni","Zambak Kurumsal Mağaza Bülteni","8.7","EVET","yok","yok","4","21","516","EVET","TAMAM","VAR","TAMAM","tahoma","14","6.98","48","VAR","59","6","GEÇTİ",""
"gokce-sigorta-raporu","Gökçe Sigorta Raporu","8.7","EVET","yok","yok","1","9","1200","EVET","TAMAM","VAR","TAMAM","georgia","14","7.96","48","VAR","7","3","GEÇTİ",""
"orkide-muzik-ve-sinema-daveti","Orkide Müzik ve sinema Daveti","8.1","EVET","yok","yok","1","51","1200","EVET","TAMAM","VAR","TAMAM","trebuchet ms|arial","14","6.79","48","VAR","52","3","GEÇTİ",""
"yaprak-kurumsal-magaza-bulteni","Yaprak Kurumsal Mağaza Bülteni","8.8","EVET","yok","yok","4","25","516","EVET","TAMAM","VAR","TAMAM","trebuchet ms","14","7.76","48","VAR","60","6","GEÇTİ",""
"feneri-sigorta-raporu","Feneri Sigorta Raporu","8.8","EVET","yok","yok","1","6","1200","EVET","TAMAM","VAR","TAMAM","arial","14","8.06","48","VAR","7","3","GEÇTİ",""
"misra-muzik-ve-sinema-daveti","Mısra Müzik ve sinema Daveti","8.3","EVET","yok","yok","1","67","1200","EVET","TAMAM","VAR","TAMAM","arial|trebuchet ms","14","7.06","48","VAR","68","3","GEÇTİ",""
"uyum-aksesuar-magaza-bulteni","Uyum Aksesuar Mağaza Bülteni","8.4","EVET","yok","yok","4","26","1200","EVET","TAMAM","VAR","TAMAM","arial","14","8.20","48","VAR","60","6","GEÇTİ",""
"dingin-moda-magaza-bulteni","Dingin Moda Mağaza Bülteni","8.8","EVET","yok","yok","4","27","516","EVET","TAMAM","VAR","TAMAM","trebuchet ms","14","6.45","48","VAR","82","6","GEÇTİ",""
"lacivert-moda-magaza-bulteni","Lacivert Moda Mağaza Bülteni","8.3","EVET","yok","yok","4","28","1200","EVET","TAMAM","VAR","TAMAM","georgia|arial","14","6.94","48","VAR","71","6","GEÇTİ",""
"mercan-moda-magaza-bulteni","Mercan Moda Mağaza Bülteni","8.4","EVET","yok","yok","4","27","1200","EVET","TAMAM","VAR","TAMAM","verdana","14","7.99","48","VAR","68","6","GEÇTİ",""
"dere-moda-magaza-bulteni","Dere Moda Mağaza Bülteni","8.7","EVET","yok","yok","4","22","516","EVET","TAMAM","VAR","TAMAM","arial","14","5.98","48","VAR","58","6","GEÇTİ",""
"yonca-moda-magaza-bulteni","Yonca Moda Mağaza Bülteni","8.7","EVET","yok","yok","4","22","516","EVET","TAMAM","VAR","TAMAM","verdana|georgia","14","8.24","48","VAR","49","6","GEÇTİ",""
"meltem-moda-magaza-bulteni","Meltem Moda Mağaza Bülteni","8.3","EVET","yok","yok","4","22","1200","EVET","TAMAM","VAR","TAMAM","arial","14","7.79","48","VAR","57","6","GEÇTİ",""
"demet-spor-salonu-duyurusu","Demet Spor salonu Duyurusu","8.8","EVET","yok","yok","1","32","1200","EVET","TAMAM","VAR","TAMAM","verdana","14","6.52","48","VAR","32","3","GEÇTİ",""
"badem-dekorasyon-magaza-bulteni","Badem Dekorasyon Mağaza Bülteni","8.2","EVET","yok","yok","4","40","1200","EVET","TAMAM","VAR","TAMAM","arial|georgia","14","8.07","48","VAR","83","6","GEÇTİ",""
"akcaagac-dekorasyon-magaza-bulteni","Akçaağaç Dekorasyon Mağaza Bülteni","8.7","EVET","yok","yok","4","29","516","EVET","TAMAM","VAR","TAMAM","tahoma","14","5.94","48","VAR","80","6","GEÇTİ",""
"elma-dekorasyon-magaza-bulteni","Elma Dekorasyon Mağaza Bülteni","8.2","EVET","yok","yok","4","27","1200","EVET","TAMAM","VAR","TAMAM","georgia","14","7.53","48","VAR","55","6","GEÇTİ",""
"mavis-aksesuar-magaza-bulteni","Maviş Aksesuar Mağaza Bülteni","8.4","EVET","yok","yok","4","19","1200","EVET","TAMAM","VAR","TAMAM","georgia|tahoma","14","8.03","48","VAR","45","6","GEÇTİ",""
"yelken-spor-salonu-duyurusu","Yelken Spor salonu Duyurusu","7.5","EVET","yok","yok","4","58","1200","EVET","TAMAM","VAR","TAMAM","georgia","14","7.04","48","VAR","84","6","GEÇTİ",""
"filiz-spor-salonu-duyurusu","Filiz Spor salonu Duyurusu","7.6","EVET","yok","yok","4","45","1200","EVET","TAMAM","VAR","TAMAM","tahoma","14","8.29","48","VAR","83","6","GEÇTİ",""
"nisan-kuafor-salonu-musteri-notlari","Nisan Kuaför salonu Müşteri Notları","8.8","EVET","yok","yok","4","24","516","EVET","TAMAM","VAR","TAMAM","trebuchet ms|arial","14","7.39","48","VAR","68","6","GEÇTİ",""
"vitrin-kuafor-salonu-musteri-notlari","Vitrin Kuaför salonu Müşteri Notları","5.9","EVET","yok","yok","1","29","1200","EVET","TAMAM","VAR","TAMAM","arial","14","6.97","48","VAR","29","3","GEÇTİ",""
"esinti-outdoor-lansmani","Esinti Outdoor Lansmanı","8.5","EVET","yok","yok","4","19","1200","EVET","TAMAM","VAR","TAMAM","trebuchet ms","14","7.96","48","VAR","50","6","GEÇTİ",""
"lodos-muzik-ve-sinema-daveti","Lodos Müzik ve sinema Daveti","8.1","EVET","yok","yok","1","42","1200","EVET","TAMAM","VAR","TAMAM","trebuchet ms|arial","14","6.83","48","VAR","42","3","GEÇTİ",""
"tul-konaklama-kampanyasi","Tül Konaklama Kampanyası","7.8","EVET","yok","yok","4","28","1200","EVET","TAMAM","VAR","TAMAM","trebuchet ms","14","7.98","48","VAR","56","6","GEÇTİ",""
"comert-sigorta-raporu","Cömert Sigorta Raporu","8.8","EVET","yok","yok","1","30","1200","EVET","TAMAM","VAR","TAMAM","arial","14","8.07","48","VAR","31","3","GEÇTİ",""
"kus-sigorta-raporu","Kuş Sigorta Raporu","8.2","EVET","yok","yok","4","23","1200","EVET","TAMAM","VAR","TAMAM","georgia|verdana","14","7.04","48","VAR","65","6","GEÇTİ",""
"ardic-saglik-musteri-notlari","Ardıç Sağlık Müşteri Notları","5.9","EVET","yok","yok","1","19","1200","EVET","TAMAM","VAR","TAMAM","arial","14","8.16","48","VAR","16","3","GEÇTİ",""
"ruzgar-saglik-musteri-notlari","Rüzgâr Sağlık Müşteri Notları","8.7","EVET","yok","yok","4","24","516","EVET","TAMAM","VAR","TAMAM","verdana","14","6.74","48","VAR","67","6","GEÇTİ",""
"ay-saglik-lansmani","Ay Sağlık Lansmanı","7.6","EVET","yok","yok","4","32","1200","EVET","TAMAM","VAR","TAMAM","georgia|arial","14","7.19","48","VAR","58","6","GEÇTİ",""
"cicek-yardim-dernegi-bulteni","Çiçek Yardım derneği Bülteni","8.3","EVET","yok","yok","4","53","1200","EVET","TAMAM","VAR","TAMAM","verdana","14","8.00","48","VAR","83","6","GEÇTİ",""
"ova-muzik-ve-sinema-daveti","Ova Müzik ve sinema Daveti","8.1","EVET","yok","yok","1","69","1200","EVET","TAMAM","VAR","TAMAM","arial","14","5.74","48","VAR","71","3","GEÇTİ",""
"akasya-insan-kaynaklari-kariyer-bulteni","Akasya İnsan kaynakları Kariyer Bülteni","9.0","EVET","yok","yok","1","14","1200","EVET","TAMAM","VAR","TAMAM","georgia|tahoma","14","8.34","48","VAR","15","3","GEÇTİ",""
"ipek-kurumsal-karsilamasi","İpek Kurumsal Karşılaması","5.8","EVET","yok","yok","1","71","1200","EVET","TAMAM","VAR","TAMAM","georgia","14","7.72","48","VAR","72","3","GEÇTİ",""
"baris-guzellik-duyurusu","Barış Güzellik Duyurusu","8.8","EVET","yok","yok","1","15","1200","EVET","TAMAM","VAR","TAMAM","tahoma","14","6.10","48","VAR","14","3","GEÇTİ",""
"lavanta-insan-kaynaklari-kariyer-bulteni","Lavanta İnsan kaynakları Kariyer Bülteni","8.6","EVET","yok","yok","4","20","516","EVET","TAMAM","VAR","TAMAM","georgia|arial","14","7.99","48","VAR","56","6","GEÇTİ",""
"umut-kurumsal-karsilamasi","Umut Kurumsal Karşılaması","5.9","EVET","yok","yok","1","68","1200","EVET","TAMAM","VAR","TAMAM","tahoma","14","6.77","48","VAR","69","3","GEÇTİ",""
"eylul-kuafor-salonu-duyurusu","Eylül Kuaför salonu Duyurusu","7.5","EVET","yok","yok","4","32","1200","EVET","TAMAM","VAR","TAMAM","georgia","14","7.67","48","VAR","67","6","GEÇTİ",""
"mese-insan-kaynaklari-kariyer-bulteni","Meşe İnsan kaynakları Kariyer Bülteni","9.1","EVET","yok","yok","1","27","1200","EVET","TAMAM","VAR","TAMAM","trebuchet ms|arial","14","8.05","48","VAR","28","3","GEÇTİ",""
"ucurtma-kurumsal-karsilamasi","Uçurtma Kurumsal Karşılaması","6.0","EVET","yok","yok","1","47","1200","EVET","TAMAM","VAR","TAMAM","trebuchet ms","14","6.92","48","VAR","46","3","GEÇTİ",""
"damla-dijital-guvenlik-lansmani","Damla Dijital güvenlik Lansmanı","8.3","EVET","yok","yok","4","59","1200","EVET","TAMAM","VAR","TAMAM","arial","14","8.22","48","VAR","93","6","GEÇTİ",""
"kelebek-muzik-ve-sinema-daveti","Kelebek Müzik ve sinema Daveti","8.3","EVET","yok","yok","1","53","1200","EVET","TAMAM","VAR","TAMAM","arial|trebuchet ms","14","7.23","48","VAR","54","3","GEÇTİ",""
"sis-kurumsal-magaza-bulteni","Sis Kurumsal Mağaza Bülteni","8.6","EVET","yok","yok","4","25","516","EVET","TAMAM","VAR","TAMAM","arial","14","6.95","48","VAR","62","6","GEÇTİ",""
"bilge-fotograf-studyosu-bulteni","Bilge Fotoğraf stüdyosu Bülteni","8.4","EVET","yok","yok","4","35","1200","EVET","TAMAM","VAR","TAMAM","trebuchet ms","14","7.97","48","VAR","74","6","GEÇTİ",""
"ilkbahar-muzik-ve-sinema-daveti","İlkbahar Müzik ve sinema Daveti","8.1","EVET","yok","yok","1","11","1200","EVET","TAMAM","VAR","TAMAM","georgia|arial","14","6.90","48","VAR","13","3","GEÇTİ",""
"bahar-fotograf-studyosu-bulteni","Bahar Fotoğraf stüdyosu Bülteni","8.2","EVET","yok","yok","4","60","1200","EVET","TAMAM","VAR","TAMAM","verdana","14","8.11","48","VAR","103","6","GEÇTİ",""
"gunes-insan-kaynaklari-kariyer-bulteni","Güneş İnsan kaynakları Kariyer Bülteni","9.0","EVET","yok","yok","1","51","1200","EVET","TAMAM","VAR","TAMAM","arial","14","7.96","48","VAR","53","3","GEÇTİ",""
"orman-emlak-kampanyasi","Orman Emlak Kampanyası","7.6","EVET","yok","yok","4","29","1200","EVET","TAMAM","VAR","TAMAM","georgia|verdana","14","7.03","48","VAR","49","6","GEÇTİ",""
"bulut-sigorta-raporu","Bulut Sigorta Raporu","8.8","EVET","yok","yok","1","20","1200","EVET","TAMAM","VAR","TAMAM","arial","14","8.08","48","VAR","21","3","GEÇTİ",""
"kehribar-muzik-ve-sinema-daveti","Kehribar Müzik ve sinema Daveti","8.1","EVET","yok","yok","1","49","1200","EVET","TAMAM","VAR","TAMAM","verdana","14","5.74","48","VAR","49","3","GEÇTİ",""
"defne-fotograf-studyosu-bulteni","Defne Fotoğraf stüdyosu Bülteni","5.9","EVET","yok","yok","1","47","1200","EVET","TAMAM","VAR","TAMAM","arial|georgia","14","7.36","48","VAR","43","3","GEÇTİ",""
"papatya-egitim-duyurusu","Papatya Eğitim Duyurusu","7.6","EVET","yok","yok","4","73","1200","EVET","TAMAM","VAR","TAMAM","tahoma","14","8.03","48","VAR","100","6","GEÇTİ",""
"gelincik-moda-magaza-bulteni","Gelincik Moda Mağaza Bülteni","8.2","EVET","yok","yok","4","27","1200","EVET","TAMAM","VAR","TAMAM","georgia","14","6.93","48","VAR","55","6","GEÇTİ",""
"kuzey-guzellik-magaza-bulteni","Kuzey Güzellik Mağaza Bülteni","8.6","EVET","yok","yok","4","24","516","EVET","TAMAM","VAR","TAMAM","tahoma|georgia","14","8.30","48","VAR","53","6","GEÇTİ",""
"tomurcuk-guzellik-magaza-bulteni","Tomurcuk Güzellik Mağaza Bülteni","8.2","EVET","yok","yok","4","59","1200","EVET","TAMAM","VAR","TAMAM","georgia","14","7.55","48","VAR","95","6","GEÇTİ",""
"dus-restoran-bulteni","Düş Restoran Bülteni","8.2","EVET","yok","yok","4","19","1200","EVET","TAMAM","VAR","TAMAM","tahoma","14","5.68","48","VAR","67","6","GEÇTİ",""
"leylak-spor-salonu-duyurusu","Leylak Spor salonu Duyurusu","8.9","EVET","yok","yok","1","44","1200","EVET","TAMAM","VAR","TAMAM","arial|trebuchet ms","14","7.95","48","VAR","46","3","GEÇTİ",""
"tepe-outdoor-lansmani","Tepe Outdoor Lansmanı","7.6","EVET","yok","yok","4","28","1200","EVET","TAMAM","VAR","TAMAM","arial","14","6.81","48","VAR","62","6","GEÇTİ",""
"cosku-saglik-musteri-notlari","Coşku Sağlık Müşteri Notları","6.1","EVET","yok","yok","1","19","1200","EVET","TAMAM","VAR","TAMAM","trebuchet ms","14","7.80","48","VAR","19","3","GEÇTİ",""
"jeton-emlak-haberleri","Jeton Emlak Haberleri","8.7","EVET","yok","yok","4","22","516","EVET","TAMAM","VAR","TAMAM","arial|trebuchet ms","14","8.07","48","VAR","56","6","GEÇTİ",""
"ruya-insan-kaynaklari-kariyer-bulteni","Rüya İnsan kaynakları Kariyer Bülteni","8.9","EVET","yok","yok","4","19","516","EVET","TAMAM","VAR","TAMAM","trebuchet ms","14","7.05","48","VAR","60","6","GEÇTİ",""
"aydinlik-teknoloji-guncellemesi","Aydınlık Teknoloji Güncellemesi","8.7","EVET","yok","yok","4","24","516","EVET","TAMAM","VAR","TAMAM","arial","14","8.17","48","VAR","72","6","GEÇTİ",""
"huzun-teknoloji-guncellemesi","Hüzün Teknoloji Güncellemesi","8.8","EVET","yok","yok","1","44","1200","EVET","TAMAM","VAR","TAMAM","georgia|verdana","14","7.07","48","VAR","46","3","GEÇTİ",""
"kiyi-seyahat-kampanyasi","Kıyı Seyahat Kampanyası","8.3","EVET","yok","yok","4","22","1200","EVET","TAMAM","VAR","TAMAM","arial","14","6.95","48","VAR","62","6","GEÇTİ",""
"cinar-aksesuar-magaza-bulteni","Çınar Aksesuar Mağaza Bülteni","8.4","EVET","yok","yok","4","53","1200","EVET","TAMAM","VAR","TAMAM","verdana","14","8.00","48","VAR","80","6","GEÇTİ",""
"fener-cevrimici-etkinlik-daveti","Fener Çevrimiçi etkinlik Daveti","7.6","EVET","yok","yok","4","31","1200","EVET","TAMAM","VAR","TAMAM","georgia|arial","14","6.94","48","VAR","50","6","GEÇTİ",""
"ceviz-insan-kaynaklari-kariyer-bulteni","Ceviz İnsan kaynakları Kariyer Bülteni","8.7","EVET","yok","yok","4","23","516","EVET","TAMAM","VAR","TAMAM","verdana","14","8.19","48","VAR","61","6","GEÇTİ",""