"no","zip","dosya_sayisi","turler","html_dosyalari","gorsel_sayisi","gorsel_toplam_kb","fontlar","ikon_kutuphaneleri","uzak_http_kaynaklar","lisans_dok_dosyalari","yazar_oge_notu","stok_font_notu","kaynak_tipi","kategori_tahmin"
"001","ai-email-newsletter-email-template-2024-05-16-21-19-28-utc.zip","7","{"".fig"":1,"".png"":2,"".txt"":1,"".psd"":1,"".jpg"":1,"".xd"":1}","","3","1465","","","","Help note (email Template).txt","(bulunamadı)","Fonts Used** + Titillium Web ( https://fonts","tasarim(PSD/Figma/XD)","startup"
"002","airways-email-newsletter-2023-11-27-05-16-02-utc.zip","1","{"".xd"":1}","","0","0","","","","","(bulunamadı)","(not yok)","tasarim(PSD/Figma/XD)","marketing"
"003","architechture-email-newsletter-2023-11-27-04-50-22-utc.zip","1","{"".xd"":1}","","0","0","","","","","(bulunamadı)","(not yok)","tasarim(PSD/Figma/XD)","startup"
"004","automotive-email-newsletter-2023-11-27-04-58-18-utc.zip","1","{"".xd"":1}","","0","0","","","","","(bulunamadı)","(not yok)","tasarim(PSD/Figma/XD)","newsletter"
"005","automotive-newsletter-template-2026-09-02-17-34-54-utc.zip","3","{"".psd"":1,"".xd"":1,"".txt"":1}","","0","0","","","","","(bulunamadı)","(not yok)","tasarim(PSD/Figma/XD)","newsletter"
"006","beauty-skincare-email-newsletter-template-2023-11-27-05-30-08-utc.zip","11","{"""":5,"".ai"":1,"".fig"":1,"".pdf"":1,"".psd"":1,"".sketch"":1,"".xd"":1}","","0","0","","","","Font Used.pdf","(bulunamadı)","(not yok)","tasarim(PSD/Figma/XD)","ecommerce"
"007","beefatox-email-newsletter-2023-11-27-05-21-44-utc.zip","3","{"".psd"":1,"".xd"":1,"".txt"":1}","","0","0","","","","Main Files\Read Me.txt","(bulunamadı)","FONT : Lora - https://fonts","tasarim(PSD/Figma/XD)","newsletter"
"008","black-email-newsletter-template-2026-09-02-08-17-19-utc.zip","3","{"".psd"":1,"".xd"":1,"".txt"":1}","","0","0","","","","","(bulunamadı)","(not yok)","tasarim(PSD/Figma/XD)","newsletter"
"009","business-email-newsletter-2023-11-27-04-55-13-utc.zip","1","{"".psd"":1}","","0","0","","","","","(bulunamadı)","(not yok)","tasarim(PSD/Figma/XD)","corporate"
"010","business-email-newsletter-2026-09-01-14-30-18-utc.zip","4","{"""":1,"".psd"":1,"".xd"":1,"".txt"":1}","","0","0","","","","","(bulunamadı)","(not yok)","tasarim(PSD/Figma/XD)","corporate"
"011","business-email-newsletter-2026-09-01-14-33-21-utc.zip","4","{"""":1,"".psd"":1,"".xd"":1,"".txt"":1}","","0","0","","","","","(bulunamadı)","(not yok)","tasarim(PSD/Figma/XD)","corporate"
"012","business-email-newsletter-landing-page-template-2026-09-02-13-23-23-utc.zip","4","{"".jpg"":1,"".psd"":1,"".xd"":1,"".txt"":1}","","1","377","","","","en18\font.txt","(bulunamadı)","(not yok)","tasarim(PSD/Figma/XD)","corporate"
"013","business-email-newsletter-layout-template-2026-09-02-07-12-56-utc.zip","4","{"""":1,"".psd"":1,"".xd"":1,"".txt"":1}","","0","0","","","","","(bulunamadı)","(not yok)","tasarim(PSD/Figma/XD)","corporate"
"014","business-email-newsletter-template-2023-11-27-04-54-56-utc.zip","7","{"".png"":2,"".fig"":1,"".txt"":1,"".psd"":1,"".jpg"":1,"".xd"":1}","","3","1590","","","","Business_Email_Newsletter_Template_placehold_M\Help note (email Template).txt","(bulunamadı)","Fonts Used* + Catamaran ( https://fonts","tasarim(PSD/Figma/XD)","corporate"
"015","business-email-newsletter-template-2026-09-02-06-32-42-utc.zip","4","{"""":1,"".psd"":1,"".xd"":1,"".txt"":1}","","0","0","","","","","(bulunamadı)","(not yok)","tasarim(PSD/Figma/XD)","corporate"
"016","business-email-newsletter-template-2026-09-02-08-18-20-utc.zip","3","{"".jpg"":1,"".psd"":1,"".xd"":1}","","1","711","","","","","(bulunamadı)","(not yok)","tasarim(PSD/Figma/XD)","corporate"
"017","business-email-newsletter-template-2026-09-02-10-44-53-utc.zip","4","{"""":1,"".psd"":1,"".xd"":1,"".txt"":1}","","0","0","","","","","(bulunamadı)","(not yok)","tasarim(PSD/Figma/XD)","corporate"
"018","business-email-template-2026-09-01-16-53-23-utc.zip","5","{"".psd"":2,"".jpg"":1,"".xd"":1,"".txt"":1}","","1","4949","","","","EN16 update\font.txt","(bulunamadı)","(not yok)","tasarim(PSD/Figma/XD)","corporate"
"019","business-email-template-2026-09-01-19-50-36-utc.zip","3","{"".psd"":1,"".xd"":1,"".txt"":1}","","0","0","","","","EN50\Font.txt","(bulunamadı)","(not yok)","tasarim(PSD/Figma/XD)","corporate"
"020","business-newsletter-template-2026-09-02-02-58-19-utc.zip","4","{"""":1,"".psd"":1,"".xd"":1,"".txt"":1}","","0","0","","","","","(bulunamadı)","(not yok)","tasarim(PSD/Figma/XD)","corporate"
"021","business-newsletter-template-2026-09-02-09-07-38-utc.zip","4","{"""":1,"".psd"":1,"".xd"":1,"".txt"":1}","","0","0","","","","","(bulunamadı)","(not yok)","tasarim(PSD/Figma/XD)","corporate"
"022","bussiness-issue-newsletter-2023-11-27-05-05-00-utc.zip","4","{"".idml"":1,"".indd"":1,"".indt"":1,"".txt"":1}","","0","0","","","","Main Files\Read Me.txt","(bulunamadı)","FONT : Work Sans - https://fonts","diğer","newsletter"
"023","charity-email-newsletter-2025-04-14-22-09-29-utc.zip","2","{"".fig"":1,"".txt"":1}","","0","0","","","","Read Me.txt","(bulunamadı)","fonts; if not, please download them from the links below: Asap : https://fonts","tasarim(PSD/Figma/XD)","announcement"
"024","clean-email-newsletter-template-2026-09-01-19-22-24-utc.zip","4","{"""":1,"".psd"":1,"".xd"":1,"".txt"":1}","","0","0","","","","","(bulunamadı)","(not yok)","tasarim(PSD/Figma/XD)","newsletter"
"025","clean-multi-panel-email-newsletter-template-2026-09-02-13-10-18-utc.zip","3","{"".psd"":1,"".xd"":1,"".txt"":1}","","0","0","","","","97\FONT.txt","(bulunamadı)","(not yok)","tasarim(PSD/Figma/XD)","newsletter"
"026","company-newsletter-template-2026-09-02-02-42-14-utc.zip","4","{"""":1,"".psd"":1,"".xd"":1,"".txt"":1}","","0","0","","","","","(bulunamadı)","(not yok)","tasarim(PSD/Figma/XD)","corporate"
"027","company-newsletter-template-2026-09-02-03-15-27-utc.zip","4","{"""":1,"".psd"":1,"".xd"":1,"".txt"":1}","","0","0","","","","","(bulunamadı)","(not yok)","tasarim(PSD/Figma/XD)","corporate"
"028","compbrand-newsletter-template-2023-11-27-05-01-23-utc.zip","4","{"".ai"":1,"".psd"":1,"".xd"":1,"".txt"":1}","","0","0","","","","Compbrand Newsletter Template\Read Me.txt","(bulunamadı)","FONT : Montserrat - https://www","tasarim(PSD/Figma/XD)","newsletter"
"029","corporate-email-newsletter-2026-09-01-16-32-18-utc.zip","4","{"".jpg"":1,"".psd"":1,"".xd"":1,"".txt"":1}","","1","576","","","","en15\font.txt","(bulunamadı)","(not yok)","tasarim(PSD/Figma/XD)","corporate"
"030","corporate-email-newsletter-2026-09-01-21-15-08-utc.zip","4","{"""":1,"".psd"":1,"".xd"":1,"".txt"":1}","","0","0","","","","","(bulunamadı)","(not yok)","tasarim(PSD/Figma/XD)","corporate"
"031","corporate-email-newsletter-template-2026-09-02-18-04-06-utc.zip","4","{"""":1,"".psd"":1,"".xd"":1,"".txt"":1}","","0","0","","","","","(bulunamadı)","(not yok)","tasarim(PSD/Figma/XD)","corporate"
"032","corporate-newsletter-email-template-2026-09-02-05-44-22-utc.zip","4","{"""":1,"".psd"":1,"".xd"":1,"".txt"":1}","","0","0","","","","","(bulunamadı)","(not yok)","tasarim(PSD/Figma/XD)","corporate"
"033","corporate-newsletter-template-2026-09-02-02-57-19-utc.zip","3","{"".psd"":1,"".xd"":1,"".txt"":1}","","0","0","","","","EN51\FONT.txt","(bulunamadı)","(not yok)","tasarim(PSD/Figma/XD)","corporate"
"034","corporate-newsletter-template-2026-09-02-07-14-56-utc (1).zip","3","{"".jpg"":1,"".psd"":1,"".xd"":1}","","1","700","","","","","(bulunamadı)","(not yok)","tasarim(PSD/Figma/XD)","corporate"
"035","corporate-newsletter-template-2026-09-02-07-14-56-utc.zip","4","{"".jpg"":1,"".psd"":1,"".xd"":1,"".txt"":1}","","1","790","","","","en25\font.txt","(bulunamadı)","(not yok)","tasarim(PSD/Figma/XD)","corporate"
"036","countnews-newsletter-template-2023-11-27-05-34-49-utc.zip","5","{"".jpg"":1,"".ai"":1,"".psd"":1,"".xd"":1,"".txt"":1}","","1","1980","","","","Main Files\Read Me.txt","(bulunamadı)","FONT : Montserrat - https://www","tasarim(PSD/Figma/XD)","newsletter"
"037","destinate-newsletter-2023-11-27-05-22-20-utc.zip","5","{"".ai"":1,"".psd"":1,"".xd"":1,"".jpg"":1,"".txt"":1}","","1","2863","","","","Main Files\Read Me.txt","(bulunamadı)","FONT : Open Sans - https://www","tasarim(PSD/Figma/XD)","marketing"
"038","destination-newsletter-2023-11-27-05-16-06-utc.zip","5","{"".ai"":1,"".psd"":1,"".xd"":1,"".jpg"":1,"".txt"":1}","","1","1136","","","","Main Files\Read Me.txt","(bulunamadı)","FONT : Montserrat - https://www","tasarim(PSD/Figma/XD)","marketing"
"039","educa-newsletter-template-2023-11-27-04-50-20-utc.zip","5","{"".ai"":1,"".psd"":1,"".xd"":1,"".jpg"":1,"".txt"":1}","","1","6273","","","","Educa Newsletter\Read Me.txt","(bulunamadı)","FONT : Segoe UI - https://www","tasarim(PSD/Figma/XD)","announcement"
"040","email-newsletter-2023-11-27-04-54-21-utc.zip","2","{"".xd"":1,"".txt"":1}","","0","0","","","","READ ME.txt","envato","Font link : https://fonts","tasarim(PSD/Figma/XD)","newsletter"
"041","email-newsletter-2023-11-27-05-01-28-utc.zip","1","{"".xd"":1}","","0","0","","","","","(bulunamadı)","(not yok)","tasarim(PSD/Figma/XD)","newsletter"
"042","email-newsletter-2023-11-27-05-13-03-utc.zip","2","{"".pdf"":1,"".psd"":1}","","0","0","","","","documentation.pdf","(bulunamadı)","(not yok)","tasarim(PSD/Figma/XD)","newsletter"
"043","email-newsletter-2023-11-27-05-13-27-utc.zip","5","{"".psd"":1,"".xd"":1,"".fig"":1,"".txt"":1,"".sketch"":1}","","0","0","","","","Fonts.txt","(bulunamadı)","Fonts: https://fonts","tasarim(PSD/Figma/XD)","newsletter"
"044","email-newsletter-athena-2023-11-27-04-50-32-utc.zip","3","{"".pdf"":2,"".psd"":1}","","0","0","","","","documentation\documentation.pdf | Psd\documentation.pdf","(bulunamadı)","(not yok)","tasarim(PSD/Figma/XD)","newsletter"
"045","email-newsletter-foxes-2023-11-27-05-06-25-utc.zip","2","{"".pdf"":1,"".psd"":1}","","0","0","","","","documentation.pdf","(bulunamadı)","(not yok)","tasarim(PSD/Figma/XD)","newsletter"
"046","email-newsletter-foxes-2023-11-27-05-09-06-utc.zip","2","{"".pdf"":1,"".psd"":1}","","0","0","","","","documentation.pdf","(bulunamadı)","(not yok)","tasarim(PSD/Figma/XD)","newsletter"
"047","email-newsletter-foxes-2023-11-27-05-09-16-utc.zip","2","{"".pdf"":1,"".psd"":1}","","0","0","","","","documentation.pdf","(bulunamadı)","(not yok)","tasarim(PSD/Figma/XD)","newsletter"
"048","email-newsletter-foxes-2023-11-27-05-12-43-utc.zip","2","{"".pdf"":1,"".psd"":1}","","0","0","","","","documentation.pdf","(bulunamadı)","(not yok)","tasarim(PSD/Figma/XD)","newsletter"
"049","email-newsletter-foxes-2023-11-27-05-31-51-utc.zip","2","{"".pdf"":1,"".psd"":1}","","0","0","","","","documentation.pdf","(bulunamadı)","(not yok)","tasarim(PSD/Figma/XD)","newsletter"
"050","email-newsletter-noah-2023-11-27-04-57-13-utc.zip","2","{"".pdf"":1,"".psd"":1}","","0","0","","","","documentation.pdf","(bulunamadı)","(not yok)","tasarim(PSD/Figma/XD)","newsletter"
"051","email-newsletter-noah-2023-11-27-05-03-40-utc.zip","2","{"".pdf"":1,"".psd"":1}","","0","0","","","","documentation.pdf","(bulunamadı)","(not yok)","tasarim(PSD/Figma/XD)","newsletter"
"052","email-newsletter-notice-2023-11-27-05-02-14-utc.zip","3","{"".pdf"":1,"""":1,"".psd"":1}","","0","0","","","","documentation.pdf","(bulunamadı)","(not yok)","tasarim(PSD/Figma/XD)","newsletter"
"053","email-newsletter-template-2023-11-27-04-49-23-utc.zip","4","{"".fig"":1,"".sketch"":1,"".studio"":1,"".xd"":1}","","0","0","","","","","(bulunamadı)","(not yok)","tasarim(PSD/Figma/XD)","newsletter"
"054","email-newsletter-template-2023-11-27-04-51-41-utc.zip","5","{"""":1,"".fig"":1,"".sketch"":1,"".studio"":1,"".xd"":1}","","0","0","","","","","(bulunamadı)","(not yok)","tasarim(PSD/Figma/XD)","newsletter"
"055","email-newsletter-template-2023-11-27-04-54-21-utc.zip","5","{"""":1,"".fig"":1,"".sketch"":1,"".studio"":1,"".xd"":1}","","0","0","","","","","(bulunamadı)","(not yok)","tasarim(PSD/Figma/XD)","newsletter"
"056","email-newsletter-template-2023-11-27-05-13-46-utc.zip","5","{"""":1,"".fig"":1,"".sketch"":1,"".studio"":1,"".xd"":1}","","0","0","","","","","(bulunamadı)","(not yok)","tasarim(PSD/Figma/XD)","newsletter"
"057","email-newsletter-template-2023-11-27-05-18-03-utc.zip","3","{"".fig"":1,"".sketch"":1,"".xd"":1}","","0","0","","","","","(bulunamadı)","(not yok)","tasarim(PSD/Figma/XD)","newsletter"
"058","email-newsletter-template-2023-11-27-05-20-10-utc.zip","5","{"""":1,"".fig"":1,"".sketch"":1,"".studio"":1,"".xd"":1}","","0","0","","","","","(bulunamadı)","(not yok)","tasarim(PSD/Figma/XD)","newsletter"
"059","email-newsletter-template-2023-11-27-05-29-49-utc.zip","3","{"".fig"":1,"".sketch"":1,"".xd"":1}","","0","0","","","","","(bulunamadı)","(not yok)","tasarim(PSD/Figma/XD)","newsletter"
"060","email-newsletter-template-2023-11-27-05-30-07-utc.zip","8","{"".ai"":1,"".fig"":1,"".psd"":1,"".sketch"":1,"".pdf"":1,"""":1,"".png"":2}","","2","26639","","","","Font Used.pdf","(bulunamadı)","(not yok)","tasarim(PSD/Figma/XD)","newsletter"
"061","email-newsletter-template-2023-11-27-05-31-30-utc.zip","4","{"".fig"":1,"".sketch"":1,"".studio"":1,"".xd"":1}","","0","0","","","","","(bulunamadı)","(not yok)","tasarim(PSD/Figma/XD)","newsletter"
"062","email-newsletter-template-2023-11-27-05-32-03-utc.zip","4","{"".fig"":1,"".sketch"":1,"".studio"":1,"".xd"":1}","","0","0","","","","","(bulunamadı)","(not yok)","tasarim(PSD/Figma/XD)","newsletter"
"063","email-newsletter-template-2023-11-27-05-32-20-utc.zip","4","{"".fig"":1,"".sketch"":1,"".studio"":1,"".xd"":1}","","0","0","","","","","(bulunamadı)","(not yok)","tasarim(PSD/Figma/XD)","newsletter"
"064","email-newsletter-template-2023-11-27-05-32-35-utc.zip","3","{"".fig"":1,"".sketch"":1,"".xd"":1}","","0","0","","","","","(bulunamadı)","(not yok)","tasarim(PSD/Figma/XD)","newsletter"
"065","email-newsletter-template-2023-11-27-05-35-29-utc.zip","4","{"".fig"":1,"".sketch"":1,"".studio"":1,"".xd"":1}","","0","0","","","","","(bulunamadı)","(not yok)","tasarim(PSD/Figma/XD)","newsletter"
"066","email-newsletter-template-2026-09-01-21-36-15-utc.zip","4","{"""":1,"".psd"":1,"".xd"":1,"".txt"":1}","","0","0","","","","","(bulunamadı)","(not yok)","tasarim(PSD/Figma/XD)","newsletter"
"067","email-newsletter-template-2026-09-02-10-21-32-utc.zip","4","{"""":1,"".psd"":1,"".xd"":1,"".txt"":1}","","0","0","","","","","(bulunamadı)","(not yok)","tasarim(PSD/Figma/XD)","newsletter"
"068","email-template-2026-09-02-03-05-22-utc.zip","5","{"".psd"":2,"".jpg"":1,"".xd"":1,"".txt"":1}","","1","841","","","","en40 update\FONT.txt","(bulunamadı)","(not yok)","tasarim(PSD/Figma/XD)","newsletter"
"069","email-template-2026-09-02-03-06-22-utc.zip","4","{"""":1,"".psd"":1,"".xd"":1,"".txt"":1}","","0","0","","","","","(bulunamadı)","(not yok)","tasarim(PSD/Figma/XD)","newsletter"
"070","email-template-2026-09-02-05-03-07-utc.zip","4","{"""":1,"".psd"":1,"".xd"":1,"".txt"":1}","","0","0","","","","","(bulunamadı)","(not yok)","tasarim(PSD/Figma/XD)","newsletter"
"071","eyewear-newsletter-template-2023-11-27-04-51-36-utc.zip","5","{"".ai"":1,"".psd"":1,"".xd"":1,"".jpg"":1,"".txt"":1}","","1","22352","","","","Eyewear Newsletter\Read Me.txt","(bulunamadı)","FONT : Montserrat - https://www","tasarim(PSD/Figma/XD)","ecommerce"
"072","fashiobrand-newsletter-2023-11-27-05-18-32-utc.zip","5","{"".jpg"":1,"".ai"":1,"".psd"":1,"".xd"":1,"".txt"":1}","","1","701","","","","Main Files\Read Me.txt","(bulunamadı)","FONT : Latto - https://www","tasarim(PSD/Figma/XD)","newsletter"
"073","fashion-email-newsletter-2026-09-01-14-33-22-utc.zip","2","{"".psd"":1,"".xd"":1}","","0","0","","","","","(bulunamadı)","(not yok)","tasarim(PSD/Figma/XD)","ecommerce"
"074","fashion-email-newsletter-template-2026-09-01-14-34-21-utc.zip","4","{"".psd"":1,"".xd"":1,"".jpg"":1,"".txt"":1}","","1","815","","","","en36\font.txt","(bulunamadı)","(not yok)","tasarim(PSD/Figma/XD)","ecommerce"
"075","fashion-email-newsletter-template-2026-09-01-15-57-00-utc.zip","4","{"""":1,"".psd"":1,"".xd"":1,"".txt"":1}","","0","0","","","","","(bulunamadı)","(not yok)","tasarim(PSD/Figma/XD)","ecommerce"
"076","fashione-newsletter-2023-11-27-05-04-14-utc.zip","4","{"".ai"":1,"".psd"":1,"".xd"":1,"".txt"":1}","","0","0","","","","Main Files\Read Me.txt","(bulunamadı)","FONT : Montserrat - https://fonts","tasarim(PSD/Figma/XD)","ecommerce"
"077","fashion-newsletter-2023-11-27-05-30-48-utc.zip","5","{"".jpg"":1,"".txt"":1,"".ai"":1,"".psd"":1,"".xd"":1}","","1","14259","","","","Fashion Newsletter\Read Me.txt","(bulunamadı)","FONT : Montserrat - https://www","tasarim(PSD/Figma/XD)","ecommerce"
"078","fitnesa-email-newsletter-2023-11-27-05-20-53-utc.zip","3","{"".psd"":1,"".xd"":1,"".txt"":1}","","0","0","","","","Main Files\Read Me.txt","(bulunamadı)","FONT : Roboto - https://fonts","tasarim(PSD/Figma/XD)","announcement"
"079","furnita-email-newsletter-2023-11-27-05-23-49-utc.zip","3","{"".psd"":1,"".xd"":1,"".txt"":1}","","0","0","","","","Main Files\Read Me.txt","(bulunamadı)","FONT : Roboto - https://fonts","tasarim(PSD/Figma/XD)","ecommerce"
"080","furnitema-email-newsletter-2023-11-27-04-50-50-utc.zip","3","{"".psd"":1,"".xd"":1,"".txt"":1}","","0","0","","","","Main Files\Read Me.txt","(bulunamadı)","FONT : Roboto - https://fonts","tasarim(PSD/Figma/XD)","ecommerce"
"081","furniture-email-newsletter-template-2026-09-02-10-50-56-utc.zip","4","{"""":1,"".psd"":1,"".xd"":1,"".txt"":1}","","0","0","","","","","(bulunamadı)","(not yok)","tasarim(PSD/Figma/XD)","ecommerce"
"082","gold-email-newsletter-template-2026-09-02-07-14-56-utc.zip","5","{"".psd"":2,"".jpg"":1,"".xd"":1,"".txt"":1}","","1","590","","","","en39 update\FONT.txt","(bulunamadı)","(not yok)","tasarim(PSD/Figma/XD)","newsletter"
"083","gym-email-newsletter-2025-04-24-02-25-01-utc.zip","2","{"".fig"":1,"".txt"":1}","","0","0","","","","Read Me.txt","(bulunamadı)","fonts; if not, please download them from the links below: Anton : https://fonts","tasarim(PSD/Figma/XD)","announcement"
"084","gymnest-email-newsletter-2023-11-27-05-09-14-utc.zip","3","{"".psd"":1,"".xd"":1,"".txt"":1}","","0","0","","","","Main Files\Read Me.txt","(bulunamadı)","FONT : Bebas Neue - https://fonts","tasarim(PSD/Figma/XD)","announcement"
"085","hair-salon-email-newsletter-2023-11-27-05-03-05-utc.zip","1","{"".xd"":1}","","0","0","","","","","(bulunamadı)","(not yok)","tasarim(PSD/Figma/XD)","ecommerce"
"086","hair-salon-email-newsletter-2023-11-27-05-20-11-utc.zip","1","{"".xd"":1}","","0","0","","","","","(bulunamadı)","(not yok)","tasarim(PSD/Figma/XD)","ecommerce"
"087","high-quality-a4-flyer-mockup-2026-01-21-09-13-49-utc.zip","5","{"".pdf"":1,"".psd"":4}","","0","0","","","","","(bulunamadı)","(not yok)","tasarim(PSD/Figma/XD)","newsletter"
"088","hilmusic-email-newsletter-2023-11-27-04-54-56-utc.zip","3","{"".psd"":1,"".xd"":1,"".txt"":1}","","0","0","","","","Main Files\Read Me.txt","(bulunamadı)","FONT : Roboto - https://fonts","tasarim(PSD/Figma/XD)","newsletter"
"089","hotel-email-newsletter-template-2026-09-01-18-44-08-utc.zip","8","{"".psd"":3,"".jpg"":1,"".xd"":2,"".txt"":2}","","1","823","","","","EN26 update\EN25 update\font.txt | EN26 update\font.txt","(bulunamadı)","(not yok)","tasarim(PSD/Figma/XD)","marketing"
"090","insurance-tick-email-newsletter-2023-11-27-05-07-18-utc.zip","3","{"".psd"":1,"".xd"":1,"".txt"":1}","","0","0","","","","Main Files\Read Me.txt","(bulunamadı)","FONT : Roboto - https://fonts","tasarim(PSD/Figma/XD)","newsletter"
"091","marketing-email-newsletter-2026-09-01-20-31-51-utc.zip","4","{"""":1,"".psd"":1,"".xd"":1,"".txt"":1}","","0","0","","","","","(bulunamadı)","(not yok)","tasarim(PSD/Figma/XD)","newsletter"
"092","medicalerg-email-newsletter-2023-11-27-05-30-53-utc.zip","3","{"".psd"":1,"".xd"":1,"".txt"":1}","","0","0","","","","Main Files\Read Me.txt","(bulunamadı)","FONT : Roboto - https://fonts","tasarim(PSD/Figma/XD)","customer"
"093","medical-newsletter-template-2023-11-27-04-55-43-utc.zip","5","{"".ai"":1,"".jpg"":1,"".psd"":1,"".xd"":1,"".txt"":1}","","1","15063","","","","Medical Newsletter\Read Me.txt","(bulunamadı)","FONT : Montserrat - https://www","tasarim(PSD/Figma/XD)","customer"
"094","modern-geometric-email-newsletter-2024-06-11-02-39-14-utc.zip","3","{"""":1,"".fig"":1,"".txt"":1}","","0","0","","","","Main File\Read me.txt","by follow instruction at help folder","Font Used Inter File Included Figma File Don’t forget to rate the files, thank you :) **************************************************************************","tasarim(PSD/Figma/XD)","newsletter"
"095","modern-newsletter-template-2026-09-02-13-23-23-utc.zip","3","{"".psd"":2,"".txt"":1}","","0","0","","","","en44 update\font.txt","(bulunamadı)","(not yok)","tasarim(PSD/Figma/XD)","newsletter"
"096","movie-channel-email-newsletter-2023-11-27-04-55-44-utc.zip","4","{"".jpg"":1,"".psd"":1,"".xd"":1,"".txt"":1}","","1","2524","","","","Movie Channel - Email Newsletter\Read Me.txt","(bulunamadı)","FONT : Roboto - https://fonts","tasarim(PSD/Figma/XD)","newsletter"
"097","newsletter-business-email-2026-09-01-18-20-59-utc.zip","4","{"""":1,"".psd"":1,"".xd"":1,"".txt"":1}","","0","0","","","","","(bulunamadı)","(not yok)","tasarim(PSD/Figma/XD)","corporate"
"098","newsletter-email-template-2026-09-02-04-14-48-utc.zip","4","{"".jpg"":1,"".psd"":1,"".xd"":1,"".rtf"":1}","","1","1036","","","","EN87\font.rtf","(bulunamadı)","(not yok)","tasarim(PSD/Figma/XD)","newsletter"
"099","newsletter-email-template-2026-09-02-04-24-53-utc.zip","5","{"".jpg"":2,"".psd"":1,"".xd"":1,"".rtf"":1}","","2","3008","","","","","(bulunamadı)","(not yok)","tasarim(PSD/Figma/XD)","newsletter"
"100","newsletter-email-template-2026-09-02-07-03-52-utc.zip","5","{"".psd"":2,"".jpg"":1,"".xd"":1,"".txt"":1}","","1","879","","","","en35 update\font.txt","(bulunamadı)","(not yok)","tasarim(PSD/Figma/XD)","newsletter"
"101","newsletter-email-template-2026-09-02-07-10-55-utc.zip","4","{"""":1,"".psd"":1,"".xd"":1,"".txt"":1}","","0","0","","","","","(bulunamadı)","(not yok)","tasarim(PSD/Figma/XD)","newsletter"
"102","newsletter-layout-template-2024-02-13-17-01-59-utc.zip","2","{"".pdf"":1,"".indd"":1}","","0","0","","","","01_Main File\01_Help\01_Help File.pdf","(bulunamadı)","(not yok)","diğer","newsletter"
"103","newsletter-template-2026-04-03-03-43-04-utc.zip","6","{"".txt"":2,"".idml"":2,"".indd"":2}","","0","0","","","","A4\file info.txt | US-Letter\file info.txt","by my email Enjoy Thanks :) Font Used : Quicksand https://www","Font Used : Quicksand https://www","diğer","newsletter"
"104","newsletter-template-2026-09-02-05-04-08-utc.zip","4","{"".txt"":1,"".docx"":1,"".idml"":1,"".indd"":1}","","0","0","","","","","(bulunamadı)","(not yok)","diğer","newsletter"
"105","nimavpn-email-newsletter-2023-11-27-05-36-57-utc.zip","3","{"".psd"":1,"".xd"":1,"".txt"":1}","","0","0","","","","Main Files\Read Me.txt","(bulunamadı)","FONT : Roboto - https://fonts","tasarim(PSD/Figma/XD)","startup"
"106","orange-newsletter-template-2026-09-02-06-53-49-utc.zip","4","{"""":1,"".psd"":1,"".xd"":1,"".txt"":1}","","0","0","","","","","(bulunamadı)","(not yok)","tasarim(PSD/Figma/XD)","newsletter"
"107","phase-multipurpose-e-newsletter-template-2023-11-27-05-35-37-utc.zip","23","{"".css"":3,"".jpg"":1,"".png"":14,"".js"":3,"".html"":1,"".psd"":1}","Phase - Mulitpurpose E-Newsletter PSD Template\HELP Files\index.html","15","283","Montserrat |  | Georgia | inherit | Arial | verdana | arial | sans-serif","font-awesome | fontawesome","http://rxa.li/documenter | http://revaxarts.com | http://fonts.googleapis.com/css?family=Montserrat:400,700 | http://maxcdn.bootstrapcdn.com/font-awesome/4.6.0/css/font-awesome.min.css | http://graphicriver.net/user/TemplateNinja | http://design.tutsplus.com/tutorials/smart-objects--psd-12739","","(bulunamadı)","(not yok)","HTML tasarim(PSD/Figma/XD)","newsletter"
"108","photomind-email-newsletter-2023-11-27-05-17-31-utc.zip","3","{"".psd"":1,"".xd"":1,"".txt"":1}","","0","0","","","","Main Files\Read Me.txt","(bulunamadı)","FONT : Roboto - https://fonts","tasarim(PSD/Figma/XD)","newsletter"
"109","poltunes-email-newsletter-2023-11-27-05-05-03-utc.zip","3","{"".psd"":1,"".xd"":1,"".txt"":1}","","0","0","","","","Main Files\Read Me.txt","(bulunamadı)","FONT : Roboto - https://fonts","tasarim(PSD/Figma/XD)","newsletter"
"110","portfolio-email-newsletter-2023-11-27-05-25-50-utc.zip","1","{"".xd"":1}","","0","0","","","","","(bulunamadı)","(not yok)","tasarim(PSD/Figma/XD)","newsletter"
"111","promotional-email-newsletter-template-2026-09-02-10-01-25-utc.zip","2","{"".psd"":1,"".txt"":1}","","0","0","","","","","(bulunamadı)","(not yok)","tasarim(PSD/Figma/XD)","ecommerce"
"112","real-estate-email-newsletter-template-2026-09-02-12-52-11-utc.zip","4","{"".jpg"":1,"".psd"":1,"".xd"":1,"".txt"":1}","","1","737","","","","EN2\font.txt","(bulunamadı)","(not yok)","tasarim(PSD/Figma/XD)","marketing"
"113","render-newsletter-template-2023-11-27-05-01-52-utc.zip","4","{"".ai"":1,"".psd"":1,"".xd"":1,"".txt"":1}","","0","0","","","","Render Newsletter Template\Read Me.txt","(bulunamadı)","FONT : Montserrat - https://www","tasarim(PSD/Figma/XD)","newsletter"
"114","responsive-email-newsletter-template-2026-09-02-12-03-53-utc.zip","4","{"""":1,"".psd"":1,"".xd"":1,"".txt"":1}","","0","0","","","","","(bulunamadı)","(not yok)","tasarim(PSD/Figma/XD)","newsletter"
"115","resume-email-newsletter-2023-11-27-05-13-42-utc.zip","1","{"".xd"":1}","","0","0","","","","","(bulunamadı)","(not yok)","tasarim(PSD/Figma/XD)","newsletter"
"116","school-newsletter-template-2025-02-04-23-27-31-utc.zip","6","{"""":1,"".idml"":2,"".indd"":2,"".pdf"":1}","","0","0","","","","California- Newsletter IND\Read me.pdf","(bulunamadı)","(not yok)","diğer","announcement"
"117","shoppingbrand-newsletter-template-2023-11-27-05-26-58-utc.zip","5","{"".jpg"":1,"".ai"":1,"".psd"":1,"".xd"":1,"".txt"":1}","","1","1122","","","","Main Files\Read Me.txt","(bulunamadı)","FONT : Montserrat - https://www","tasarim(PSD/Figma/XD)","ecommerce"
"118","simply-elegant-pink-email-newsletter-2023-11-27-05-31-08-utc.zip","2","{"".pdf"":1,"".psd"":1}","","0","0","","","","Simply Elegant Pink Email Newsletter\READ ME.pdf","(bulunamadı)","(not yok)","tasarim(PSD/Figma/XD)","newsletter"
"119","skincarels-email-newsletter-2024-06-11-02-37-11-utc.zip","3","{"".txt"":1,"".psd"":1,"".xd"":1}","","0","0","","","","Main Files\Read Me.txt","(bulunamadı)","FONT : Cormorant Garamond - https://fonts","tasarim(PSD/Figma/XD)","ecommerce"
"120","special-foodie-email-newsletter-2023-11-27-04-50-12-utc.zip","3","{"".txt"":1,"".psd"":1,"".xd"":1}","","0","0","","","","Main Files\Read Me.txt","(bulunamadı)","FONT : Archivo Black - https://fonts","tasarim(PSD/Figma/XD)","newsletter"
"121","sportronde-email-newsletter-2023-11-27-04-49-20-utc.zip","3","{"".txt"":1,"".psd"":1,"".xd"":1}","","0","0","","","","Main Files\Read Me.txt","(bulunamadı)","FONT : Roboto - https://fonts","tasarim(PSD/Figma/XD)","newsletter"
"122","sports-product-newsletter-template-2026-09-02-07-24-00-utc.zip","4","{"".jpg"":1,"".psd"":1,"".xd"":1,"".txt"":1}","","1","507","","","","en24\font.txt","(bulunamadı)","(not yok)","tasarim(PSD/Figma/XD)","ecommerce"
"123","starsup-medical-email-newsletter-2023-11-27-05-21-37-utc.zip","2","{"".pdf"":1,"".fig"":1}","","0","0","","","","","(bulunamadı)","(not yok)","tasarim(PSD/Figma/XD)","customer"
"124","tconnection-newsletter-template-2023-11-27-05-31-57-utc.zip","5","{"".jpg"":1,"".ai"":1,"".psd"":1,"".xd"":1,"".txt"":1}","","1","777","","","","Tconnection Newsletter\Read Me.txt","(bulunamadı)","FONT : Montserrat - https://www","tasarim(PSD/Figma/XD)","newsletter"
"125","team-email-newsletter-template-2026-09-01-20-52-59-utc.zip","5","{"""":1,"".jpg"":1,"".psd"":1,"".xd"":1,"".txt"":1}","","1","940","","","","","(bulunamadı)","(not yok)","tasarim(PSD/Figma/XD)","corporate"
"126","tech-email-newsletter-template-2026-09-01-20-17-46-utc.zip","4","{"""":1,"".psd"":1,"".xd"":1,"".txt"":1}","","0","0","","","","","(bulunamadı)","(not yok)","tasarim(PSD/Figma/XD)","startup"
"127","tech-product-newsletter-template-2026-09-02-16-53-39-utc.zip","4","{"".jpg"":1,"".psd"":1,"".xd"":1,"".txt"":1}","","1","555","","","","EN13\font.txt","(bulunamadı)","(not yok)","tasarim(PSD/Figma/XD)","startup"
"128","travel-email-newsletter-template-2026-09-01-21-08-05-utc.zip","4","{"""":1,"".psd"":1,"".xd"":1,"".txt"":1}","","0","0","","","","","(bulunamadı)","(not yok)","tasarim(PSD/Figma/XD)","marketing"
"129","watch-email-newsletter-2023-11-27-05-12-16-utc.zip","1","{"".xd"":1}","","0","0","","","","","(bulunamadı)","(not yok)","tasarim(PSD/Figma/XD)","ecommerce"
"130","webinar-email-newsletter-template-2023-11-27-04-52-27-utc.zip","6","{"".ai"":1,"".fig"":1,"".pdf"":1,"".psd"":1,"".sketch"":1,"".xd"":1}","","0","0","","","","Font Used.pdf","(bulunamadı)","(not yok)","tasarim(PSD/Figma/XD)","event"
"131","white-email-newsletter-template-2026-09-02-18-03-06-utc.zip","4","{"".jpg"":1,"".psd"":1,"".xd"":1,"".txt"":1}","","1","472","","","","en7\font.txt","(bulunamadı)","(not yok)","tasarim(PSD/Figma/XD)","newsletter"